<?xml version="1.0" encoding="UTF-8"?>

<!DOCTYPE university[
<!ELEMENT university (student+)>
<!ELEMENT student (name,course_unit,year,message)>
<!ATTLIST student reg_no CDATA #REQUIRED>
<!ELEMENT name (#PCDATA)>
<!ELEMENT course_unit (ica1,ica2,eoc)>
<!ATTLIST course_unit id CDATA #FIXED "CSC210S3"> 
<!ELEMENT ica1 (#PCDATA)>
<!ELEMENT ica2 (#PCDATA)>
<!ELEMENT eoc (#PCDATA)>
<!ELEMENT year (#PCDATA)>
<!ELEMENT message (#PCDATA)>
<!ENTITY message "Hi I am from DCS">
<!ENTITY footer "web Technology">

]>

<university>

    <student reg_no="2019csc500">
        <name>Jhon</name>
        <course_unit >
            <ica1>75</ica1>
            <ica2>90</ica2>
            <eoc>85</eoc>
        </course_unit>
        <year>Second</year>
        <message>&message;</message>
    </student>

    <student reg_no="2019csc550">
        <name>fernando</name>
        <course_unit id="CSC210S3">
            <ica1>75</ica1>
            <ica2>90</ica2>
            <eoc>85</eoc>
        </course_unit>
        <year>Second</year>
        <message>&message;</message>
    </student>


</university>
